-- gymflow_seed_data.sql

-- וודא שאנחנו עובדים על מסד הנתונים הנכון
USE gymflow_db;

-- -------------------------------------------------------------------------
-- הוספת נתונים לטבלת users (משתמשים)
-- -------------------------------------------------------------------------

INSERT INTO users (id, first_name, last_name, email, phone_number, user_type) VALUES
(1, 'Admin', 'User', 'admin@gymflow.com', '0501234567', 'admin'),
(101, 'Maya', 'Cohen', 'maya.trainer@gymflow.com', '0521112233', 'trainer'),
(102, 'Avi', 'Levi', 'avi.trainer@gymflow.com', '0543334455', 'trainer'),
(201, 'Noa', 'David', 'noa.d@example.com', '0535556677', 'trainee'),
(202, 'Eitan', 'Benny', 'eitan.b@example.com', '0587778899', 'trainee'),
(203, 'Sara', 'Mizrahi', 'sara.m@example.com', '0529990000', 'trainee');

-- -------------------------------------------------------------------------
-- הוספת נתונים לטבלת user_credentials (פרטי כניסה)
--
-- הערה: הסיסמאות כאן הן גיבובים לדוגמה של "password123" באמצעות bcrypt.
-- בפועל, יש לגבב את הסיסמה בצד השרת לפני השמירה.
-- -------------------------------------------------------------------------
INSERT INTO user_credentials (user_id, password_hash) VALUES
(1, '$2a$10$abcdefghijklmnopqrstuvwxy1234567890abcdefghijklmno1234567890'), -- bcrypt hash for 'password123' (example)
(101, '$2a$10$abcdefghijklmnopqrstuvwxy1234567890abcdefghijklmno1234567890'), -- bcrypt hash for 'password123' (example)
(102, '$2a$10$abcdefghijklmnopqrstuvwxy1234567890abcdefghijklmno1234567890'), -- bcrypt hash for 'password123' (example)
(201, '$2a$10$abcdefghijklmnopqrstuvwxy1234567890abcdefghijklmno1234567890'), -- bcrypt hash for 'password123' (example)
(202, '$2a$10$abcdefghijklmnopqrstuvwxy1234567890abcdefghijklmno1234567890'), -- bcrypt hash for 'password123' (example)
(203, '$2a$10$abcdefghijklmnopqrstuvwxy1234567890abcdefghijklmno1234567890'); -- bcrypt hash for 'password123' (example)


-- -------------------------------------------------------------------------
-- הוספת נתונים לטבלת trainees (מתאמנים)
-- -------------------------------------------------------------------------
INSERT INTO trainees (user_id, date_of_birth, gender) VALUES
(201, '1995-03-10', 'female'),
(202, '1990-07-22', 'male'),
(203, '1998-11-05', 'female');

-- -------------------------------------------------------------------------
-- הוספת נתונים לטבלת trainers (מאמנים)
-- -------------------------------------------------------------------------
INSERT INTO trainers (user_id, specialization, bio, is_available) VALUES
(101, 'Yoga, Pilates', 'מאיה מתמחה ביוגה ופילאטיס עם ניסיון של 10 שנים.', TRUE),
(102, 'Weightlifting, Cardio', 'אבי הוא מאמן כושר אישי עם התמחות באימוני כוח ואירובי.', TRUE);

-- -------------------------------------------------------------------------
-- הוספת נתונים לטבלת rooms (חדרים)
-- -------------------------------------------------------------------------
INSERT INTO rooms (id, name, capacity, description) VALUES
(1, 'סטודיו A', 20, 'חדר גדול לחוגי קבוצה'),
(2, 'סטודיו B', 15, 'חדר לפילאטיס ויוגה'),
(3, 'חדר כוח', 30, 'חדר משקולות וציוד כוח');

-- -------------------------------------------------------------------------
-- הוספת נתונים לטבלת classes (חוגים)
-- -------------------------------------------------------------------------
INSERT INTO classes (name, description, trainer_id, room_id, start_time, end_time, max_capacity) VALUES
('יוגה זורמת', 'חוג יוגה המשלב תנועה ונשימה.', 101, 2, '2025-06-05 08:00:00', '2025-06-05 09:00:00', 15),
('פילאטיס מזרן', 'חיזוק שרירי הליבה ושיפור יציבה.', 101, 2, '2025-06-05 17:00:00', '2025-06-05 18:00:00', 15),
('אימון מחזורי', 'אימון אינטנסיבי לכל הגוף.', 102, 1, '2025-06-05 18:30:00', '2025-06-05 19:30:00', 20),
('ספינינג', 'חוג רכיבה אנרגטי על אופניים נייחים.', 102, 1, '2025-06-06 07:00:00', '2025-06-06 08:00:00', 20);

-- -------------------------------------------------------------------------
-- הוספת נתונים לטבלת class_registrations (הרשמות לחוגים)
-- -------------------------------------------------------------------------
INSERT INTO class_registrations (trainee_id, class_id, status) VALUES
(201, 1, 'registered'), -- נועה נרשמה ליוגה זורמת
(202, 3, 'registered'), -- איתן נרשם לאימון מחזורי
(201, 2, 'registered'); -- נועה נרשמה לפילאטיס

-- -------------------------------------------------------------------------
-- הוספת נתונים לטבלת subscriptions (מנויים)
-- -------------------------------------------------------------------------
INSERT INTO subscriptions (name, description, price, duration_days, max_classes_per_month, is_active) VALUES
('מנוי חודשי בסיסי', 'גישה לכל החוגים, עד 10 חוגים בחודש', 250.00, 30, 10, TRUE),
('מנוי חודשי ללא הגבלה', 'גישה לכל החוגים ללא הגבלה', 350.00, 30, NULL, TRUE),
('מנוי שנתי VIP', 'גישה לכל החוגים, הנחה לשיעורים פרטיים', 3500.00, 365, NULL, TRUE);

-- -------------------------------------------------------------------------
-- הוספת נתונים לטבלת user_subscriptions (מנויים של משתמשים)
-- -------------------------------------------------------------------------
-- נועה רכשה מנוי חודשי ללא הגבלה (ID 2)
INSERT INTO user_subscriptions (trainee_id, subscription_id, start_date, end_date, is_active) VALUES
(201, 2, '2025-05-15', '2025-06-14', TRUE),
(202, 1, '2025-05-20', '2025-06-19', TRUE);

-- -------------------------------------------------------------------------
-- הוספת נתונים לטבלת payments (תשלומים)
-- -------------------------------------------------------------------------
-- תשלום של נועה על המנוי שלה (user_subscription_id = 1)
INSERT INTO payments (user_subscription_id, trainee_id, amount, payment_method, transaction_id, status) VALUES
(1, 201, 350.00, 'credit_card', 'TXN_123456789', 'completed'),
(2, 202, 250.00, 'credit_card', 'TXN_987654321', 'completed');

-- -------------------------------------------------------------------------
-- הוספת נתונים לטבלת training_programs (תוכניות אימונים)
-- -------------------------------------------------------------------------
INSERT INTO training_programs (name, description, created_by_trainer_id) VALUES
('תוכנית למתחילים - כוח', 'תוכנית בסיסית לחיזוק כללי למתחילים.', 102),
('יוגה לשיפור גמישות', 'סדרת תרגילי יוגה לשיפור טווחי תנועה.', 101);

-- -------------------------------------------------------------------------
-- הוספת נתונים לטבלת trainee_programs (תוכניות אימונים למתאמן ספציפי)
-- -------------------------------------------------------------------------
INSERT INTO trainee_programs (trainee_id, program_id, assigned_date, is_active) VALUES
(202, 1, '2025-05-25', TRUE), -- איתן קיבל תוכנית כוח למתחילים
(201, 2, '2025-05-30', TRUE); -- נועה קיבלה תוכנית יוגה לגמישות

-- -------------------------------------------------------------------------
-- הוספת נתונים לטבלת messages (הודעות)
-- -------------------------------------------------------------------------
INSERT INTO messages (sender_id, receiver_id, message_text, message_type) VALUES
(1, NULL, 'ברוכים הבאים ל-GymFlow! שימו לב ללוח החוגים המעודכן.', 'broadcast'),
(101, 201, 'היי נועה, זמינה לשיעור פרטי בשבוע הבא?', 'private'),
(1, NULL, 'המכון יהיה סגור בחג השבועות, 12-13 ביוני.', 'broadcast');